{"cameraMode":{"drawMode":0,"name":"Shaded","section":"Shading Mode"},"sceneLighting":false,"audioPlay":false,"sceneViewState":{"showFog":true,"showMaterialUpdate":false,"showSkybox":false,"showFlares":true,"showImageEffects":true,"showParticleSystems":true},"in2DMode":false,"pivot":{"x":1.8366032838821412,"y":7.777271270751953,"z":-9.470762252807618},"rotation":{"x":-0.17170818150043488,"y":-0.05257970839738846,"z":0.009174068458378315,"w":-0.9837242960929871},"size":17.872846603393556,"orthographic":false}